url,raw_text
https://nau64.com/about/,"<!doctype html>
<html lang=""es-UY"">
<head>
	<meta charset=""UTF-8"">
	<meta name=""viewport"" content=""width=device-width"">
	<link rel=""profile"" href=""https://gmpg.org/xfn/11"">

	<title>Qué es nau64? &#8211; chess club</title>
			 			 			 			 			 			 			 			 			 			 			 			 			 			 			 			 			 			 			 			 			 			 			 			 			 			 			 			 			 			 			 <meta name='robots' content='max-image-preview:large' />
<link rel='dns-prefetch' href='//stats.wp.com' />
<link rel='dns-prefetch' href='//hcaptcha.com' />
<link rel=""alternate"" type=""application/rss+xml"" title=""chess club &raquo; Feed"" href=""https://nau64.com/feed/"" />
<link rel=""alternate"" type=""application/rss+xml"" title=""chess club &raquo; Feed de los comentarios"" href=""https://nau64.com/comments/feed/"" />
<link rel=""alternate"" title=""oEmbed (JSON)"" type=""application/json+oembed"" href=""https://nau64.com/wp-json/oembed/1.0/embed?url=https%3A%2F%2Fnau64.com%2Fabout%2F"" />
<link rel=""alternate"" title=""oEmbed (XML)"" type=""text/xml+oembed"" href=""https://nau64.com/wp-json/oembed/1.0/embed?url=https%3A%2F%2Fnau64.com%2Fabout%2F&#038;format=xml"" />
<style id=""wp-img-auto-sizes-contain-inline-css"">
img:is([sizes=auto i],[sizes^=""auto,"" i]){contain-intrinsic-size:3000px 1500px}
/*# sourceURL=wp-img-auto-sizes-contain-inline-css */
</style>

<style id=""wp-emoji-styles-inline-css"">

	img.wp-smiley, img.emoji {
		display: inline !important;
		border: none !important;
		box-shadow: none !important;
		height: 1em !important;
		width: 1em !important;
		margin: 0 0.07em !important;
		vertical-align: -0.1em !important;
		background: none !important;
		padding: 0 !important;
	}
/*# sourceURL=wp-emoji-styles-inline-css */
</style>
<style id=""wp-block-library-inline-css"">
:root{--wp-block-synced-color:#7a00df;--wp-block-synced-color--rgb:122,0,223;--wp-bound-block-color:var(--wp-block-synced-color);--wp-editor-canvas-background:#ddd;--wp-admin-theme-color:#007cba;--wp-admin-theme-color--rgb:0,124,186;--wp-admin-theme-color-darker-10:#006ba1;--wp-admin-theme-color-darker-10--rgb:0,107,160.5;--wp-admin-theme-color-darker-20:#005a87;--wp-admin-theme-color-darker-20--rgb:0,90,135;--wp-admin-border-width-focus:2px}@media (min-resolution:192dpi){:root{--wp-admin-border-width-focus:1.5px}}.wp-element-button{cursor:pointer}:root .has-very-light-gray-background-color{background-color:#eee}:root .has-very-dark-gray-background-color{background-color:#313131}:root .has-very-light-gray-color{color:#eee}:root .has-very-dark-gray-color{color:#313131}:root .has-vivid-green-cyan-to-vivid-cyan-blue-gradient-background{background:linear-gradient(135deg,#00d084,#0693e3)}:root .has-purple-crush-gradient-background{background:linear-gradient(135deg,#34e2e4,#4721fb 50%,#ab1dfe)}:root .has-hazy-dawn-gradient-background{background:linear-gradient(135deg,#faaca8,#dad0ec)}:root .has-subdued-olive-gradient-background{background:linear-gradient(135deg,#fafae1,#67a671)}:root .has-atomic-cream-gradient-background{background:linear-gradient(135deg,#fdd79a,#004a59)}:root .has-nightshade-gradient-background{background:linear-gradient(135deg,#330968,#31cdcf)}:root .has-midnight-gradient-background{background:linear-gradient(135deg,#020381,#2874fc)}:root{--wp--preset--font-size--normal:16px;--wp--preset--font-size--huge:42px}.has-regular-font-size{font-size:1em}.has-larger-font-size{font-size:2.625em}.has-normal-font-size{font-size:var(--wp--preset--font-size--normal)}.has-huge-font-size{font-size:var(--wp--preset--font-size--huge)}:root .has-text-align-center{text-align:center}:root .has-text-align-left{text-align:left}:root .has-text-align-right{text-align:right}.has-fit-text{white-space:nowrap!important}#end-resizable-editor-section{display:none}.aligncenter{clear:both}.items-justified-left{justify-content:flex-start}.items-justified-center{justify-content:center}.items-justified-right{justify-content:flex-end}.items-justified-space-between{justify-content:space-between}.screen-reader-text{word-wrap:normal!important;border:0;clip-path:inset(50%);height:1px;margin:-1px;overflow:hidden;padding:0;position:absolute;width:1px}.screen-reader-text:focus{background-color:#ddd;clip-path:none;color:#444;display:block;font-size:1em;height:auto;left:5px;line-height:normal;padding:15px 23px 14px;text-decoration:none;top:5px;width:auto;z-index:100000}html :where(.has-border-color){border-style:solid}html :where([style*=border-color]){border-style:solid}html :where([style*=border-top-color]){border-top-style:solid}html :where([style*=border-right-color]){border-right-style:solid}html :where([style*=border-bottom-color]){border-bottom-style:solid}html :where([style*=border-left-color]){border-left-style:solid}html :where([style*=border-width]){border-style:solid}html :where([style*=border-top-width]){border-top-style:solid}html :where([style*=border-right-width]){border-right-style:solid}html :where([style*=border-bottom-width]){border-bottom-style:solid}html :where([style*=border-left-width]){border-left-style:solid}html :where(img[class*=wp-image-]){height:auto;max-width:100%}:where(figure){margin:0 0 1em}html :where(.is-position-sticky){--wp-admin--admin-bar--position-offset:var(--wp-admin--admin-bar--height,0px)}@media screen and (max-width:600px){html :where(.is-position-sticky){--wp-admin--admin-bar--position-offset:0px}}

/*# sourceURL=/wp-includes/css/dist/block-library/common.min.css */
</style>
<style id=""wp-block-paragraph-inline-css"">
.is-small-text{font-size:.875em}.is-regular-text{font-size:1em}.is-large-text{font-size:2.25em}.is-larger-text{font-size:3em}.has-drop-cap:not(:focus):first-letter{float:left;font-size:8.4em;font-style:normal;font-weight:100;line-height:.68;margin:.05em .1em 0 0;text-transform:uppercase}body.rtl .has-drop-cap:not(:focus):first-letter{float:none;margin-left:.1em}p.has-drop-cap.has-background{overflow:hidden}:root :where(p.has-background){padding:1.25em 2.375em}:where(p.has-text-color:not(.has-link-color)) a{color:inherit}p.has-text-align-left[style*=""writing-mode:vertical-lr""],p.has-text-align-right[style*=""writing-mode:vertical-rl""]{rotate:180deg}
/*# sourceURL=https://nau64.com/wp-includes/blocks/paragraph/style.min.css */
</style>

<style id=""classic-theme-styles-inline-css"">
/*! This file is auto-generated */
.wp-block-button__link{color:#fff;background-color:#32373c;border-radius:9999px;box-shadow:none;text-decoration:none;padding:calc(.667em + 2px) calc(1.333em + 2px);font-size:1.125em}.wp-block-file__button{background:#32373c;color:#fff;text-decoration:none}
/*# sourceURL=/wp-includes/css/classic-themes.min.css */
</style>

<style id=""global-styles-inline-css"">
:root{--wp--preset--aspect-ratio--square: 1;--wp--preset--aspect-ratio--4-3: 4/3;--wp--preset--aspect-ratio--3-4: 3/4;--wp--preset--aspect-ratio--3-2: 3/2;--wp--preset--aspect-ratio--2-3: 2/3;--wp--preset--aspect-ratio--16-9: 16/9;--wp--preset--aspect-ratio--9-16: 9/16;--wp--preset--color--black: #000000;--wp--preset--color--cyan-bluish-gray: #abb8c3;--wp--preset--color--white: #ffffff;--wp--preset--color--pale-pink: #f78da7;--wp--preset--color--vivid-red: #cf2e2e;--wp--preset--color--luminous-vivid-orange: #ff6900;--wp--preset--color--luminous-vivid-amber: #fcb900;--wp--preset--color--light-green-cyan: #7bdcb5;--wp--preset--color--vivid-green-cyan: #00d084;--wp--preset--color--pale-cyan-blue: #8ed1fc;--wp--preset--color--vivid-cyan-blue: #0693e3;--wp--preset--color--vivid-purple: #9b51e0;--wp--preset--gradient--vivid-cyan-blue-to-vivid-purple: linear-gradient(135deg,rgb(6,147,227) 0%,rgb(155,81,224) 100%);--wp--preset--gradient--light-green-cyan-to-vivid-green-cyan: linear-gradient(135deg,rgb(122,220,180) 0%,rgb(0,208,130) 100%);--wp--preset--gradient--luminous-vivid-amber-to-luminous-vivid-orange: linear-gradient(135deg,rgb(252,185,0) 0%,rgb(255,105,0) 100%);--wp--preset--gradient--luminous-vivid-orange-to-vivid-red: linear-gradient(135deg,rgb(255,105,0) 0%,rgb(207,46,46) 100%);--wp--preset--gradient--very-light-gray-to-cyan-bluish-gray: linear-gradient(135deg,rgb(238,238,238) 0%,rgb(169,184,195) 100%);--wp--preset--gradient--cool-to-warm-spectrum: linear-gradient(135deg,rgb(74,234,220) 0%,rgb(151,120,209) 20%,rgb(207,42,186) 40%,rgb(238,44,130) 60%,rgb(251,105,98) 80%,rgb(254,248,76) 100%);--wp--preset--gradient--blush-light-purple: linear-gradient(135deg,rgb(255,206,236) 0%,rgb(152,150,240) 100%);--wp--preset--gradient--blush-bordeaux: linear-gradient(135deg,rgb(254,205,165) 0%,rgb(254,45,45) 50%,rgb(107,0,62) 100%);--wp--preset--gradient--luminous-dusk: linear-gradient(135deg,rgb(255,203,112) 0%,rgb(199,81,192) 50%,rgb(65,88,208) 100%);--wp--preset--gradient--pale-ocean: linear-gradient(135deg,rgb(255,245,203) 0%,rgb(182,227,212) 50%,rgb(51,167,181) 100%);--wp--preset--gradient--electric-grass: linear-gradient(135deg,rgb(202,248,128) 0%,rgb(113,206,126) 100%);--wp--preset--gradient--midnight: linear-gradient(135deg,rgb(2,3,129) 0%,rgb(40,116,252) 100%);--wp--preset--font-size--small: 13px;--wp--preset--font-size--medium: 20px;--wp--preset--font-size--large: 36px;--wp--preset--font-size--x-large: 42px;--wp--preset--spacing--20: 0.44rem;--wp--preset--spacing--30: 0.67rem;--wp--preset--spacing--40: 1rem;--wp--preset--spacing--50: 1.5rem;--wp--preset--spacing--60: 2.25rem;--wp--preset--spacing--70: 3.38rem;--wp--preset--spacing--80: 5.06rem;--wp--preset--shadow--natural: 6px 6px 9px rgba(0, 0, 0, 0.2);--wp--preset--shadow--deep: 12px 12px 50px rgba(0, 0, 0, 0.4);--wp--preset--shadow--sharp: 6px 6px 0px rgba(0, 0, 0, 0.2);--wp--preset--shadow--outlined: 6px 6px 0px -3px rgb(255, 255, 255), 6px 6px rgb(0, 0, 0);--wp--preset--shadow--crisp: 6px 6px 0px rgb(0, 0, 0);}:where(body) { margin: 0; }:where(.is-layout-flex){gap: 0.5em;}:where(.is-layout-grid){gap: 0.5em;}body .is-layout-flex{display: flex;}.is-layout-flex{flex-wrap: wrap;align-items: center;}.is-layout-flex > :is(*, div){margin: 0;}body .is-layout-grid{display: grid;}.is-layout-grid > :is(*, div){margin: 0;}body{padding-top: 0px;padding-right: 0px;padding-bottom: 0px;padding-left: 0px;}:root :where(.wp-element-button, .wp-block-button__link){background-color: #32373c;border-width: 0;color: #fff;font-family: inherit;font-size: inherit;font-style: inherit;font-weight: inherit;letter-spacing: inherit;line-height: inherit;padding-top: calc(0.667em + 2px);padding-right: calc(1.333em + 2px);padding-bottom: calc(0.667em + 2px);padding-left: calc(1.333em + 2px);text-decoration: none;text-transform: inherit;}.has-black-color{color: var(--wp--preset--color--black) !important;}.has-cyan-bluish-gray-color{color: var(--wp--preset--color--cyan-bluish-gray) !important;}.has-white-color{color: var(--wp--preset--color--white) !important;}.has-pale-pink-color{color: var(--wp--preset--color--pale-pink) !important;}.has-vivid-red-color{color: var(--wp--preset--color--vivid-red) !important;}.has-luminous-vivid-orange-color{color: var(--wp--preset--color--luminous-vivid-orange) !important;}.has-luminous-vivid-amber-color{color: var(--wp--preset--color--luminous-vivid-amber) !important;}.has-light-green-cyan-color{color: var(--wp--preset--color--light-green-cyan) !important;}.has-vivid-green-cyan-color{color: var(--wp--preset--color--vivid-green-cyan) !important;}.has-pale-cyan-blue-color{color: var(--wp--preset--color--pale-cyan-blue) !important;}.has-vivid-cyan-blue-color{color: var(--wp--preset--color--vivid-cyan-blue) !important;}.has-vivid-purple-color{color: var(--wp--preset--color--vivid-purple) !important;}.has-black-background-color{background-color: var(--wp--preset--color--black) !important;}.has-cyan-bluish-gray-background-color{background-color: var(--wp--preset--color--cyan-bluish-gray) !important;}.has-white-background-color{background-color: var(--wp--preset--color--white) !important;}.has-pale-pink-background-color{background-color: var(--wp--preset--color--pale-pink) !important;}.has-vivid-red-background-color{background-color: var(--wp--preset--color--vivid-red) !important;}.has-luminous-vivid-orange-background-color{background-color: var(--wp--preset--color--luminous-vivid-orange) !important;}.has-luminous-vivid-amber-background-color{background-color: var(--wp--preset--color--luminous-vivid-amber) !important;}.has-light-green-cyan-background-color{background-color: var(--wp--preset--color--light-green-cyan) !important;}.has-vivid-green-cyan-background-color{background-color: var(--wp--preset--color--vivid-green-cyan) !important;}.has-pale-cyan-blue-background-color{background-color: var(--wp--preset--color--pale-cyan-blue) !important;}.has-vivid-cyan-blue-background-color{background-color: var(--wp--preset--color--vivid-cyan-blue) !important;}.has-vivid-purple-background-color{background-color: var(--wp--preset--color--vivid-purple) !important;}.has-black-border-color{border-color: var(--wp--preset--color--black) !important;}.has-cyan-bluish-gray-border-color{border-color: var(--wp--preset--color--cyan-bluish-gray) !important;}.has-white-border-color{border-color: var(--wp--preset--color--white) !important;}.has-pale-pink-border-color{border-color: var(--wp--preset--color--pale-pink) !important;}.has-vivid-red-border-color{border-color: var(--wp--preset--color--vivid-red) !important;}.has-luminous-vivid-orange-border-color{border-color: var(--wp--preset--color--luminous-vivid-orange) !important;}.has-luminous-vivid-amber-border-color{border-color: var(--wp--preset--color--luminous-vivid-amber) !important;}.has-light-green-cyan-border-color{border-color: var(--wp--preset--color--light-green-cyan) !important;}.has-vivid-green-cyan-border-color{border-color: var(--wp--preset--color--vivid-green-cyan) !important;}.has-pale-cyan-blue-border-color{border-color: var(--wp--preset--color--pale-cyan-blue) !important;}.has-vivid-cyan-blue-border-color{border-color: var(--wp--preset--color--vivid-cyan-blue) !important;}.has-vivid-purple-border-color{border-color: var(--wp--preset--color--vivid-purple) !important;}.has-vivid-cyan-blue-to-vivid-purple-gradient-background{background: var(--wp--preset--gradient--vivid-cyan-blue-to-vivid-purple) !important;}.has-light-green-cyan-to-vivid-green-cyan-gradient-background{background: var(--wp--preset--gradient--light-green-cyan-to-vivid-green-cyan) !important;}.has-luminous-vivid-amber-to-luminous-vivid-orange-gradient-background{background: var(--wp--preset--gradient--luminous-vivid-amber-to-luminous-vivid-orange) !important;}.has-luminous-vivid-orange-to-vivid-red-gradient-background{background: var(--wp--preset--gradient--luminous-vivid-orange-to-vivid-red) !important;}.has-very-light-gray-to-cyan-bluish-gray-gradient-background{background: var(--wp--preset--gradient--very-light-gray-to-cyan-bluish-gray) !important;}.has-cool-to-warm-spectrum-gradient-background{background: var(--wp--preset--gradient--cool-to-warm-spectrum) !important;}.has-blush-light-purple-gradient-background{background: var(--wp--preset--gradient--blush-light-purple) !important;}.has-blush-bordeaux-gradient-background{background: var(--wp--preset--gradient--blush-bordeaux) !important;}.has-luminous-dusk-gradient-background{background: var(--wp--preset--gradient--luminous-dusk) !important;}.has-pale-ocean-gradient-background{background: var(--wp--preset--gradient--pale-ocean) !important;}.has-electric-grass-gradient-background{background: var(--wp--preset--gradient--electric-grass) !important;}.has-midnight-gradient-background{background: var(--wp--preset--gradient--midnight) !important;}.has-small-font-size{font-size: var(--wp--preset--font-size--small) !important;}.has-medium-font-size{font-size: var(--wp--preset--font-size--medium) !important;}.has-large-font-size{font-size: var(--wp--preset--font-size--large) !important;}.has-x-large-font-size{font-size: var(--wp--preset--font-size--x-large) !important;}
/*# sourceURL=global-styles-inline-css */
</style>

<link rel='stylesheet' id='timesnews-style-css' href='https://nau64.com/wp-content/themes/timesnews/style.css?ver=7.0' media='all' />
<style id=""timesnews-style-inline-css"">
.cat-links .category-color-34{

						border-color:#1e73be;

					}
					.secondary-menu .category-color-34 > a:hover:after,
					.secondary-menu .category-color-34 > a:focus:after,
					.secondary-menu > li.current-menu-item.category-color-34 > a:after, 
					.secondary-menu > li.current_page_item.category-color-34 > a:after, 
					.secondary-menu > li.current-menu-ancestor.category-color-1 > a:after {
						border-bottom-color:#1e73be;

					}
/*# sourceURL=timesnews-style-inline-css */
</style>
<link rel='stylesheet' id='fontawesome-css' href='https://nau64.com/wp-content/themes/timesnews/assets/library/fontawesome/css/all.min.css?ver=7.0' media='all' />
<link rel='stylesheet' id='timesnews-google-fonts-css' href='https://nau64.com/wp-content/fonts/558ca490d8ebe90c23c64244c195172c.css' media='all' />
<script id=""jquery-core-js"" src=""https://nau64.com/wp-includes/js/jquery/jquery.min.js?ver=3.7.1""></script>
<script id=""jquery-migrate-js"" src=""https://nau64.com/wp-includes/js/jquery/jquery-migrate.min.js?ver=3.4.1""></script>
<script id=""timesnews-global-js"" src=""https://nau64.com/wp-content/themes/timesnews/assets/js/global.js?ver=1""></script>
<link rel=""https://api.w.org/"" href=""https://nau64.com/wp-json/"" /><link rel=""alternate"" title=""JSON"" type=""application/json"" href=""https://nau64.com/wp-json/wp/v2/pages/19"" /><link rel=""EditURI"" type=""application/rsd+xml"" title=""RSD"" href=""https://nau64.com/xmlrpc.php?rsd"" />
<meta name=""generator"" content=""WordPress 7.0"" />
<link rel=""canonical"" href=""https://nau64.com/about/"" />
<link rel='shortlink' href='https://nau64.com/?p=19' />
<style>
.h-captcha{position:relative;display:block;margin-bottom:2rem;padding:0;clear:both}.h-captcha[data-size=""normal""]{width:302px;height:76px}.h-captcha[data-size=""compact""]{width:158px;height:138px}.h-captcha[data-size=""invisible""]{display:none}.h-captcha iframe{z-index:1}.h-captcha::before{content:"""";display:block;position:absolute;top:0;left:0;background:url(https://nau64.com/wp-content/plugins/hcaptcha-for-forms-and-more/assets/images/hcaptcha-div-logo.svg) no-repeat;border:1px solid #fff0;border-radius:4px;box-sizing:border-box}.h-captcha::after{content:""The hCaptcha loading is delayed until user interaction."";font-family:-apple-system,system-ui,BlinkMacSystemFont,""Segoe UI"",Roboto,Oxygen,Ubuntu,""Helvetica Neue"",Arial,sans-serif;font-size:10px;font-weight:500;position:absolute;top:0;bottom:0;left:0;right:0;box-sizing:border-box;color:#bf1722;opacity:0}.h-captcha:not(:has(iframe))::after{animation:hcap-msg-fade-in .3s ease forwards;animation-delay:2s}.h-captcha:has(iframe)::after{animation:none;opacity:0}@keyframes hcap-msg-fade-in{to{opacity:1}}.h-captcha[data-size=""normal""]::before{width:302px;height:76px;background-position:93.8% 28%}.h-captcha[data-size=""normal""]::after{width:302px;height:76px;display:flex;flex-wrap:wrap;align-content:center;line-height:normal;padding:0 75px 0 10px}.h-captcha[data-size=""compact""]::before{width:158px;height:138px;background-position:49.9% 78.8%}.h-captcha[data-size=""compact""]::after{width:158px;height:138px;text-align:center;line-height:normal;padding:24px 10px 10px 10px}.h-captcha[data-theme=""light""]::before,body.is-light-theme .h-captcha[data-theme=""auto""]::before,.h-captcha[data-theme=""auto""]::before{background-color:#fafafa;border:1px solid #e0e0e0}.h-captcha[data-theme=""dark""]::before,body.is-dark-theme .h-captcha[data-theme=""auto""]::before,html.wp-dark-mode-active .h-captcha[data-theme=""auto""]::before,html.drdt-dark-mode .h-captcha[data-theme=""auto""]::before{background-image:url(https://nau64.com/wp-content/plugins/hcaptcha-for-forms-and-more/assets/images/hcaptcha-div-logo-white.svg);background-repeat:no-repeat;background-color:#333;border:1px solid #f5f5f5}@media (prefers-color-scheme:dark){.h-captcha[data-theme=""auto""]::before{background-image:url(https://nau64.com/wp-content/plugins/hcaptcha-for-forms-and-more/assets/images/hcaptcha-div-logo-white.svg);background-repeat:no-repeat;background-color:#333;border:1px solid #f5f5f5}}.h-captcha[data-theme=""custom""]::before{background-color:initial}.h-captcha[data-size=""invisible""]::before,.h-captcha[data-size=""invisible""]::after{display:none}.h-captcha iframe{position:relative}div[style*=""z-index: 2147483647""] div[style*=""border-width: 11px""][style*=""position: absolute""][style*=""pointer-events: none""]{border-style:none}
</style>
	<style>img#wpstats{display:none}</style>
		<link rel=""icon"" href=""https://nau64.com/wp-content/uploads/2024/03/cropped-NAU64_logo_pngs_01-cuadrado-Fondoblanco-32x32.png"" sizes=""32x32"" />
<link rel=""icon"" href=""https://nau64.com/wp-content/uploads/2024/03/cropped-NAU64_logo_pngs_01-cuadrado-Fondoblanco-192x192.png"" sizes=""192x192"" />
<link rel=""apple-touch-icon"" href=""https://nau64.com/wp-content/uploads/2024/03/cropped-NAU64_logo_pngs_01-cuadrado-Fondoblanco-180x180.png"" />
<meta name=""msapplication-TileImage"" content=""https://nau64.com/wp-content/uploads/2024/03/cropped-NAU64_logo_pngs_01-cuadrado-Fondoblanco-270x270.png"" />
<style id=""wp-custom-css"">
torneos-header {
	padding-top: 1em;
}

.torneos-header__list {
	margin: 0;
	padding: 0;
	list-style: none;
}

.torneos-header__item {
	margin: 0;
	padding: 0;
}

@media screen and (min-width: 600px) {
	.torneos-header {
		padding-top: 0;
	}
	.torneos-header__list {
		display: inline-flex;
		padding: 1em 0;
	}
	.torneos-header__item {
		margin: 0 1em;
	}
}

</style>
</head>

<body data-rsssl=1 class=""wp-singular page-template-default page page-id-19 wp-custom-logo wp-theme-timesnews has-sidebar"">
	<div id=""page"" class=""site"">
	<a class=""skip-link screen-reader-text"" href=""#content"">Skip to content</a>
	
	<header id=""masthead"" class=""site-header"">
		<div id=""main-header"" class=""main-header"">
			<div class=""navigation-top"">
        		<div class=""wrap"">
            	<div id=""site-header-menu"" class=""site-header-menu"">
               	<nav class=""main-navigation"" aria-label=""Primary Menu"" role=""navigation"">
							    <button class=""menu-toggle"" aria-controls=""primary-menu"" aria-expanded=""false"">
        <span class=""toggle-text"">Menu</span>
        <span class=""toggle-bar""></span>
    </button>

    <ul id=""primary-menu"" class=""menu nav-menu""><li id=""menu-item-27"" class=""menu-item menu-item-type-custom menu-item-object-custom menu-item-27""><a href=""/"">Home</a></li>
<li id=""menu-item-28"" class=""menu-item menu-item-type-post_type menu-item-object-page current-menu-item page_item page-item-19 current_page_item menu-item-28""><a href=""https://nau64.com/about/"" aria-current=""page"">Qué es nau64?</a></li>
<li id=""menu-item-10631"" class=""menu-item menu-item-type-post_type menu-item-object-post menu-item-has-children menu-item-10631""><a href=""https://nau64.com/actividades/"">Clases de Ajedrez</a>
<ul class=""sub-menu"">
	<li id=""menu-item-10660"" class=""menu-item menu-item-type-post_type menu-item-object-post menu-item-10660""><a href=""https://nau64.com/actividades/"">Clases y Talleres</a></li>
	<li id=""menu-item-10658"" class=""menu-item menu-item-type-post_type menu-item-object-post menu-item-10658""><a href=""https://nau64.com/clases-para-ninos/"">Clases para Niños</a></li>
	<li id=""menu-item-10659"" class=""menu-item menu-item-type-post_type menu-item-object-post menu-item-10659""><a href=""https://nau64.com/clases-online/"">Clases Online</a></li>
</ul>
</li>
<li id=""menu-item-10632"" class=""menu-item menu-item-type-post_type menu-item-object-post menu-item-10632""><a href=""https://nau64.com/torneos/"">Torneos</a></li>
<li id=""menu-item-30"" class=""menu-item menu-item-type-post_type menu-item-object-page menu-item-30""><a href=""https://nau64.com/contacto/"">Contacto</a></li>
<li id=""menu-item-8007"" class=""menu-item menu-item-type-taxonomy menu-item-object-category menu-item-8007 category-color-33""><a href=""https://nau64.com/category/nau64-en-chesscom/"">Nau64 en ChessCom</a></li>
<li id=""menu-item-8006"" class=""menu-item menu-item-type-taxonomy menu-item-object-category menu-item-8006 category-color-32""><a href=""https://nau64.com/category/uruguay/"">Uruguay</a></li>
<li id=""menu-item-10855"" class=""menu-item menu-item-type-custom menu-item-object-custom menu-item-has-children menu-item-10855""><a href=""#"">Área de Alumnos</a>
<ul class=""sub-menu"">
	<li id=""menu-item-1852"" class=""menu-item menu-item-type-custom menu-item-object-custom menu-item-1852""><a target=""_blank"" href=""http://play.nau64.com"">Plataforma</a></li>
	<li id=""menu-item-10854"" class=""menu-item menu-item-type-custom menu-item-object-custom menu-item-10854""><a href=""https://academia.nau64.com/"">Cursos y Materiales</a></li>
</ul>
</li>
</ul>						 </nav><!-- #site-navigation -->
						 									<button type=""button"" class=""search-toggle""><span><span class=""screen-reader-text"">Search for:</span></span></button>
								           		</div>
        		</div><!-- .wrap -->
			</div><!-- .navigation-top -->
			<div class=""search-container-wrap"">
    <div class=""search-container"">
        <form method=""get"" class=""search"" action=""https://nau64.com/""> 
            <label for='s' class='screen-reader-text'>Search</label> 
                <input class=""search-field"" placeholder=""Search&hellip;"" name=""s"" type=""search""> 
                <input class=""search-submit"" value=""Search"" type=""submit"">
        </form>
    </div><!-- .search-container -->
</div><!-- .search-container-wrap -->
    

			<div class=""main-header-brand"">
									<div class=""secondary-nav-wrap"">
						<div class=""wrap"">
							   <nav class=""secondary-navigation"" role=""navigation"" aria-label=""Secondary Navigation"">
        <button class=""secondary-menu-toggle"" aria-controls=""primary-menu"" aria-expanded=""false"">
            <span class=""secondary-toggle-text"">Menu</span>
            <span class=""secondary-toggle-bar""></span>
        </button>
        <ul id=""primary-menu"" class=""secondary-menu""><li id=""menu-item-1856"" class=""menu-item menu-item-type-custom menu-item-object-custom menu-item-1856""><a href=""https://www.chess.com/member/nau64?ref_id=4411389"">nau64 en Chess.Com</a></li>
<li id=""menu-item-1857"" class=""menu-item menu-item-type-custom menu-item-object-custom menu-item-1857""><a href=""https://www.chess.com/club/nau64?ref_id=4411389"">Club nau64 en Chess.com</a></li>
<li id=""menu-item-1858"" class=""menu-item menu-item-type-custom menu-item-object-custom menu-item-1858""><a href=""https://chess.com/?ref_id=4411389"">Súmate a Chess.Com</a></li>
</ul>    </nav><!-- .secondary-navigation -->       
								<div class=""header-social-menu"">

									    <nav class=""social-navigation"" role=""navigation"" aria-label=""Social Navigation"">
        <ul class=""social-links-menu""><li id=""menu-item-1854"" class=""menu-item menu-item-type-custom menu-item-object-custom menu-item-1854""><a href=""https://www.twitch.tv/nau64ajedrez""><span class=""screen-reader-text"">Twitch</span></a></li>
<li id=""menu-item-1853"" class=""menu-item menu-item-type-custom menu-item-object-custom menu-item-1853""><a href=""https://www.youtube.com/@nau64""><span class=""screen-reader-text"">YouTube</span></a></li>
<li id=""menu-item-38"" class=""menu-item menu-item-type-custom menu-item-object-custom menu-item-38""><a href=""https://www.instagram.com/nau64ajedrez""><span class=""screen-reader-text"">Instagram</span></a></li>
<li id=""menu-item-36"" class=""menu-item menu-item-type-custom menu-item-object-custom menu-item-36""><a href=""https://www.facebook.com/nau64.chess.club""><span class=""screen-reader-text"">Facebook</span></a></li>
<li id=""menu-item-37"" class=""menu-item menu-item-type-custom menu-item-object-custom menu-item-37""><a href=""https://twitter.com/nau64""><span class=""screen-reader-text"">Twitter</span></a></li>
<li id=""menu-item-9955"" class=""menu-item menu-item-type-custom menu-item-object-custom menu-item-9955""><a href=""https://www.tiktok.com/@nau64ajedrez""><span class=""screen-reader-text"">TikTok</span></a></li>
</ul>    </nav><!-- .social-navigation -->


								</div><!-- .header-social-menu -->
													</div><!-- .wrap -->
					</div><!-- .secondary-nav-wrap -->
				
				<div class=""header-brand"" >
					<div class=""wrap"">
						<div class=""header-brand-content"">
							    <div class=""site-branding"">
        <a href=""https://nau64.com/"" class=""custom-logo-link"" rel=""home""><img width=""322"" height=""209"" src=""https://nau64.com/wp-content/uploads/2024/03/cropped-NAU64_logo_pngs_01.png"" class=""custom-logo"" alt=""chess club"" decoding=""async"" fetchpriority=""high"" srcset=""https://nau64.com/wp-content/uploads/2024/03/cropped-NAU64_logo_pngs_01.png 322w, https://nau64.com/wp-content/uploads/2024/03/cropped-NAU64_logo_pngs_01-300x195.png 300w"" sizes=""(max-width: 322px) 100vw, 322px"" /></a>        <div class=""site-branding-text"">

                            <p class=""site-title""><a href=""https://nau64.com/"" rel=""home"">chess club</a></p>
                                <p class=""site-description"">Academia de Ajedrez</p>
            
        </div><!-- .site-branding-text -->
    </div><!-- .site-branding -->


							<div class=""header-right"">
								<div class=""header-banner"">

									<section id=""block-20"" class=""widget widget_block""><p><strong>Chatea con nosotros   </strong> <a href=""https://wa.me/59892321600/?text=Hola! Me contacto desde NAU64.com"" target=""_blank"" rel=""noopener""><img decoding=""async"" src=""https://nau64.com/wp-content/uploads/2024/03/logo-wasap.png"" width=""50"" height=""50""><br>
</a></p></section>								</div><!-- .header-banner -->
							</div><!-- .header-right -->
						</div><!-- .header-brand-content -->
					</div><!-- .wrap -->
				</div><!-- .header-brand -->

				<div id=""nav-sticker"">
					<div class=""navigation-top"">
						<div class=""wrap"">
							<div id=""site-header-menu"" class=""site-header-menu"">
								<nav id=""site-navigation"" class=""main-navigation"" aria-label=""Primary Menu"">
								    <button class=""menu-toggle"" aria-controls=""primary-menu"" aria-expanded=""false"">
        <span class=""toggle-text"">Menu</span>
        <span class=""toggle-bar""></span>
    </button>

    <ul id=""primary-menu"" class=""menu nav-menu""><li class=""menu-item menu-item-type-custom menu-item-object-custom menu-item-27""><a href=""/"">Home</a></li>
<li class=""menu-item menu-item-type-post_type menu-item-object-page current-menu-item page_item page-item-19 current_page_item menu-item-28""><a href=""https://nau64.com/about/"" aria-current=""page"">Qué es nau64?</a></li>
<li class=""menu-item menu-item-type-post_type menu-item-object-post menu-item-has-children menu-item-10631""><a href=""https://nau64.com/actividades/"">Clases de Ajedrez</a>
<ul class=""sub-menu"">
	<li class=""menu-item menu-item-type-post_type menu-item-object-post menu-item-10660""><a href=""https://nau64.com/actividades/"">Clases y Talleres</a></li>
	<li class=""menu-item menu-item-type-post_type menu-item-object-post menu-item-10658""><a href=""https://nau64.com/clases-para-ninos/"">Clases para Niños</a></li>
	<li class=""menu-item menu-item-type-post_type menu-item-object-post menu-item-10659""><a href=""https://nau64.com/clases-online/"">Clases Online</a></li>
</ul>
</li>
<li class=""menu-item menu-item-type-post_type menu-item-object-post menu-item-10632""><a href=""https://nau64.com/torneos/"">Torneos</a></li>
<li class=""menu-item menu-item-type-post_type menu-item-object-page menu-item-30""><a href=""https://nau64.com/contacto/"">Contacto</a></li>
<li class=""menu-item menu-item-type-taxonomy menu-item-object-category menu-item-8007 category-color-33""><a href=""https://nau64.com/category/nau64-en-chesscom/"">Nau64 en ChessCom</a></li>
<li class=""menu-item menu-item-type-taxonomy menu-item-object-category menu-item-8006 category-color-32""><a href=""https://nau64.com/category/uruguay/"">Uruguay</a></li>
<li class=""menu-item menu-item-type-custom menu-item-object-custom menu-item-has-children menu-item-10855""><a href=""#"">Área de Alumnos</a>
<ul class=""sub-menu"">
	<li class=""menu-item menu-item-type-custom menu-item-object-custom menu-item-1852""><a target=""_blank"" href=""http://play.nau64.com"">Plataforma</a></li>
	<li class=""menu-item menu-item-type-custom menu-item-object-custom menu-item-10854""><a href=""https://academia.nau64.com/"">Cursos y Materiales</a></li>
</ul>
</li>
</ul>								</nav><!-- #site-navigation -->
	            												<button type=""button"" class=""search-toggle""><span><span class=""screen-reader-text"">Search for:</span></span></button>
															</div>
        				</div><!-- .wrap -->
     				</div><!-- .navigation-top -->
     			</div><!-- #nav-sticker -->
     			<div class=""search-container-wrap"">
    <div class=""search-container"">
        <form method=""get"" class=""search"" action=""https://nau64.com/""> 
            <label for='s' class='screen-reader-text'>Search</label> 
                <input class=""search-field"" placeholder=""Search&hellip;"" name=""s"" type=""search""> 
                <input class=""search-submit"" value=""Search"" type=""submit"">
        </form>
    </div><!-- .search-container -->
</div><!-- .search-container-wrap -->
    
					<div class=""flash-news-holder"">
						<div class=""wrap"">
							<div class=""top-header"">
								<div class=""top-header-inner"">
									    <div class=""flash-news"">
                <div class=""flash-news-header"">
            <h4 class=""flash-news-title"">Flash News</h4>
        </div>
                <div class=""marquee"">
                            <artical class=""news-post-title"">
                                            <span class=""news-post-img"">
                            <a href=""https://nau64.com/actividades/"" title=""Actividades""><img width=""600"" height=""471"" src=""https://nau64.com/wp-content/uploads/2024/12/Colorful-Checkered-Chess-Club-Poster-e1734710227711.png"" class=""attachment-post-thumbnail size-post-thumbnail wp-post-image"" alt="""" decoding=""async"" /></a>
                         </span>
                     
                    <h3><a href=""https://nau64.com/actividades/"" title=""Actividades"">Actividades</a></h3>
                </artical>

                            <artical class=""news-post-title"">
                                            <span class=""news-post-img"">
                            <a href=""https://nau64.com/torneos/"" title=""Calendario 2026""><img width=""400"" height=""225"" src=""https://nau64.com/wp-content/uploads/2023/07/Torneo_nau64_2025_Ajedrez.png"" class=""attachment-post-thumbnail size-post-thumbnail wp-post-image"" alt="""" decoding=""async"" srcset=""https://nau64.com/wp-content/uploads/2023/07/Torneo_nau64_2025_Ajedrez.png 400w, https://nau64.com/wp-content/uploads/2023/07/Torneo_nau64_2025_Ajedrez-300x169.png 300w"" sizes=""(max-width: 400px) 100vw, 400px"" /></a>
                         </span>
                     
                    <h3><a href=""https://nau64.com/torneos/"" title=""Calendario 2026"">Calendario 2026</a></h3>
                </artical>

                            <artical class=""news-post-title"">
                                            <span class=""news-post-img"">
                            <a href=""https://nau64.com/la-vuelta-triunfal-de-leonel-recine/"" title=""La vuelta triunfal de Leonel Recine!""><img width=""914"" height=""661"" src=""https://nau64.com/wp-content/uploads/2026/06/Captura-de-pantalla-2026-06-08-160936.png"" class=""attachment-post-thumbnail size-post-thumbnail wp-post-image"" alt="""" decoding=""async"" srcset=""https://nau64.com/wp-content/uploads/2026/06/Captura-de-pantalla-2026-06-08-160936.png 914w, https://nau64.com/wp-content/uploads/2026/06/Captura-de-pantalla-2026-06-08-160936-300x217.png 300w, https://nau64.com/wp-content/uploads/2026/06/Captura-de-pantalla-2026-06-08-160936-768x555.png 768w"" sizes=""(max-width: 914px) 100vw, 914px"" /></a>
                         </span>
                     
                    <h3><a href=""https://nau64.com/la-vuelta-triunfal-de-leonel-recine/"" title=""La vuelta triunfal de Leonel Recine!"">La vuelta triunfal de Leonel Recine!</a></h3>
                </artical>

                            <artical class=""news-post-title"">
                                            <span class=""news-post-img"">
                            <a href=""https://nau64.com/torneodeviernes/"" title=""22 de mayo comienza el 69 Torneo de los Viernes.""><img width=""945"" height=""945"" src=""https://nau64.com/wp-content/uploads/2026/05/Torneo-Viernes-nau64.png"" class=""attachment-post-thumbnail size-post-thumbnail wp-post-image"" alt="""" decoding=""async"" srcset=""https://nau64.com/wp-content/uploads/2026/05/Torneo-Viernes-nau64.png 945w, https://nau64.com/wp-content/uploads/2026/05/Torneo-Viernes-nau64-300x300.png 300w, https://nau64.com/wp-content/uploads/2026/05/Torneo-Viernes-nau64-150x150.png 150w, https://nau64.com/wp-content/uploads/2026/05/Torneo-Viernes-nau64-768x768.png 768w"" sizes=""(max-width: 945px) 100vw, 945px"" /></a>
                         </span>
                     
                    <h3><a href=""https://nau64.com/torneodeviernes/"" title=""22 de mayo comienza el 69 Torneo de los Viernes."">22 de mayo comienza el 69 Torneo de los Viernes.</a></h3>
                </artical>

                            <artical class=""news-post-title"">
                                            <span class=""news-post-img"">
                            <a href=""https://nau64.com/joyita-de-victor-el-terrible/"" title=""Joyita de Victor el terrible!""><img width=""400"" height=""400"" src=""https://nau64.com/wp-content/uploads/2026/04/Victor-Kortcnoi-e1776959877428.png"" class=""attachment-post-thumbnail size-post-thumbnail wp-post-image"" alt="""" decoding=""async"" /></a>
                         </span>
                     
                    <h3><a href=""https://nau64.com/joyita-de-victor-el-terrible/"" title=""Joyita de Victor el terrible!"">Joyita de Victor el terrible!</a></h3>
                </artical>

                            <artical class=""news-post-title"">
                                            <span class=""news-post-img"">
                            <a href=""https://nau64.com/una-pascuas-inolvidable-junto-al-mi-facundo-vazquez/"" title=""Una Pascuas inolvidable junto al MI Facundo Vázquez""><img width=""600"" height=""452"" src=""https://nau64.com/wp-content/uploads/2026/04/1775352599961-scaled-e1775441461574.jpg"" class=""attachment-post-thumbnail size-post-thumbnail wp-post-image"" alt="""" decoding=""async"" /></a>
                         </span>
                     
                    <h3><a href=""https://nau64.com/una-pascuas-inolvidable-junto-al-mi-facundo-vazquez/"" title=""Una Pascuas inolvidable junto al MI Facundo Vázquez"">Una Pascuas inolvidable junto al MI Facundo Vázquez</a></h3>
                </artical>

                            <artical class=""news-post-title"">
                                            <span class=""news-post-img"">
                            <a href=""https://nau64.com/eduardo-elena-el-campeon-sin-corona-de-pando-hazana-historica-y-clasificacion-olimpica/"" title=""Eduardo Elena, el «campeón sin corona» de Pando: hazaña histórica y clasificación olímpica""><img width=""318"" height=""483"" src=""https://nau64.com/wp-content/uploads/2026/04/image-2.png"" class=""attachment-post-thumbnail size-post-thumbnail wp-post-image"" alt="""" decoding=""async"" srcset=""https://nau64.com/wp-content/uploads/2026/04/image-2.png 318w, https://nau64.com/wp-content/uploads/2026/04/image-2-198x300.png 198w"" sizes=""(max-width: 318px) 100vw, 318px"" /></a>
                         </span>
                     
                    <h3><a href=""https://nau64.com/eduardo-elena-el-campeon-sin-corona-de-pando-hazana-historica-y-clasificacion-olimpica/"" title=""Eduardo Elena, el «campeón sin corona» de Pando: hazaña histórica y clasificación olímpica"">Eduardo Elena, el «campeón sin corona» de Pando: hazaña histórica y clasificación olímpica</a></h3>
                </artical>

                            <artical class=""news-post-title"">
                                            <span class=""news-post-img"">
                            <a href=""https://nau64.com/nicolas-kulik-arrasa-en-el-sabatino-de-la-academia/"" title=""Nicolás Kulik arrasa en el sabatino de la Academia""><img width=""400"" height=""299"" src=""https://nau64.com/wp-content/uploads/2026/03/1774745063527-scaled-e1774839523173.jpg"" class=""attachment-post-thumbnail size-post-thumbnail wp-post-image"" alt="""" decoding=""async"" /></a>
                         </span>
                     
                    <h3><a href=""https://nau64.com/nicolas-kulik-arrasa-en-el-sabatino-de-la-academia/"" title=""Nicolás Kulik arrasa en el sabatino de la Academia"">Nicolás Kulik arrasa en el sabatino de la Academia</a></h3>
                </artical>

                            <artical class=""news-post-title"">
                                            <span class=""news-post-img"">
                            <a href=""https://nau64.com/torneo-271/"" title=""Frank y Federico brillan en el Rápido y Blitz Sabatino.""><img width=""651"" height=""658"" src=""https://nau64.com/wp-content/uploads/2026/03/image-6.png"" class=""attachment-post-thumbnail size-post-thumbnail wp-post-image"" alt="""" decoding=""async"" srcset=""https://nau64.com/wp-content/uploads/2026/03/image-6.png 651w, https://nau64.com/wp-content/uploads/2026/03/image-6-297x300.png 297w"" sizes=""(max-width: 651px) 100vw, 651px"" /></a>
                         </span>
                     
                    <h3><a href=""https://nau64.com/torneo-271/"" title=""Frank y Federico brillan en el Rápido y Blitz Sabatino."">Frank y Federico brillan en el Rápido y Blitz Sabatino.</a></h3>
                </artical>

                            <artical class=""news-post-title"">
                                            <span class=""news-post-img"">
                            <a href=""https://nau64.com/open/"" title=""Open 135 el 6 de abril Torneo Pensado (FIDE)""><img width=""600"" height=""600"" src=""https://nau64.com/wp-content/uploads/2026/03/Open135-nau64-FIDE-e1774479791357.png"" class=""attachment-post-thumbnail size-post-thumbnail wp-post-image"" alt="""" decoding=""async"" /></a>
                         </span>
                     
                    <h3><a href=""https://nau64.com/open/"" title=""Open 135 el 6 de abril Torneo Pensado (FIDE)"">Open 135 el 6 de abril Torneo Pensado (FIDE)</a></h3>
                </artical>

                            <artical class=""news-post-title"">
                                            <span class=""news-post-img"">
                            <a href=""https://nau64.com/lkarpov-vs-kasparov/"" title=""La Batalla Infinita: Karpov vs. Kasparov""><img width=""481"" height=""343"" src=""https://nau64.com/wp-content/uploads/2026/03/Kasparov_vs_Karpov.png"" class=""attachment-post-thumbnail size-post-thumbnail wp-post-image"" alt="""" decoding=""async"" srcset=""https://nau64.com/wp-content/uploads/2026/03/Kasparov_vs_Karpov.png 481w, https://nau64.com/wp-content/uploads/2026/03/Kasparov_vs_Karpov-300x214.png 300w"" sizes=""(max-width: 481px) 100vw, 481px"" /></a>
                         </span>
                     
                    <h3><a href=""https://nau64.com/lkarpov-vs-kasparov/"" title=""La Batalla Infinita: Karpov vs. Kasparov"">La Batalla Infinita: Karpov vs. Kasparov</a></h3>
                </artical>

                            <artical class=""news-post-title"">
                                            <span class=""news-post-img"">
                            <a href=""https://nau64.com/sabados-a-todo-ajedrez/"" title=""Sábados a Todo Ajedrez""><img width=""960"" height=""720"" src=""https://nau64.com/wp-content/uploads/2023/06/Sabados-nau64.png"" class=""attachment-post-thumbnail size-post-thumbnail wp-post-image"" alt="""" decoding=""async"" srcset=""https://nau64.com/wp-content/uploads/2023/06/Sabados-nau64.png 960w, https://nau64.com/wp-content/uploads/2023/06/Sabados-nau64-300x225.png 300w, https://nau64.com/wp-content/uploads/2023/06/Sabados-nau64-768x576.png 768w"" sizes=""(max-width: 960px) 100vw, 960px"" /></a>
                         </span>
                     
                    <h3><a href=""https://nau64.com/sabados-a-todo-ajedrez/"" title=""Sábados a Todo Ajedrez"">Sábados a Todo Ajedrez</a></h3>
                </artical>

                    </div><!-- .marquee -->
    </div><!-- .flash-news -->
    								</div><!-- .top-header-inner -->
							</div><!-- .top-header -->

							<div class=""clock"">
								<div id=""date"">lunes, junio 08, 2026</div>
								<div id=""time""></div>
							</div>
						</div><!-- .wrap -->
					</div><!-- .flash-news-holder -->
				
			</div><!-- .main-header-brand -->
		</div><!-- .main-header -->
	</header><!-- #masthead -->

	<div id=""content"" class=""site-content"">
		<div class=""site-content-cell"">
						<div class=""wrap wrap-width"">
	<div id=""primary"" class=""content-area"">
		<main id=""main"" class=""site-main"">

		
<article id=""post-19"" class=""post-19 page type-page status-publish hentry entry"">
	<header class=""entry-header"">
		<h1 class=""entry-title"">Qué es nau64?</h1>	</header><!-- .entry-header -->

	
	<div class=""entry-content"">
		
<p class=""wp-block-paragraph""><strong>Un lugar</strong> donde 
aprendizaje y entrenamiento; información y formación; o esparcimiento y 
recreación son valorados de igual manera, como distintos aspectos de 
una&nbsp;<strong><em>pasión</em></strong> en común por el&nbsp;<strong><em>juego ciencia.</em></strong><br>
<strong><em>Aprendizaje y entrenamiento </em></strong>dirigido a&nbsp;<strong>niños</strong>,&nbsp;<strong>jóvenes</strong> y&nbsp;<strong>adultos</strong> quienes como aficionados o jugadores experimentados deseen ampliar sus conocimientos y mejorar su juego, a través de&nbsp;<strong><em>cursos</em></strong> y/o&nbsp;<strong><em>clases personalizadas.</em></strong><br>
<strong><em>Información y formación </em></strong>incorporando la 
valiosa herramienta de la informática en la formación integral del 
ajedrecista, poniendo al alcance de quienes lo deseen el&nbsp;<strong><em>acceso a Internet</em></strong>;
 facilitando no sólo la búsqueda de su propia fuente de estudio a través
 de bases de datos y partidas, apoyo indispensable del ajedrecista de 
hoy en día; sino posibilitando el seguimiento on-line de torneos en todo
 el mundo, y fomentando la competencia a distancia con rivales en 
cualquier parte del planeta.<br>
<strong><em>Esparcimiento y recreación </em></strong>para quienes 
simplemente añoren un lugar donde disfrutar de su tiempo libre frente a 
un tablero y un amigo, compartiendo un café y el gusto por el&nbsp;<strong><em>ajedrez rápido</em></strong> o clásico.<br>
<strong>Nau64&nbsp;chess&nbsp;club</strong>, un&nbsp;<strong><em>sitio para el ajedrez</em></strong>, en sus múltiples facetas, con&nbsp;<strong>actividades y horarios diferenciados</strong> y en espacios especialmente acondicionados para que cada una no interfiera con las demás.<br>
Un lugar donde todo&nbsp;<strong><em>nuestro esfuerzo</em></strong> está dirigido a colmar tus&nbsp;<strong><em>expectativas</em></strong>, que como&nbsp;<strong><em>ajedrecistas</em></strong> conocemos perfectamente.</p>



<p class=""wp-block-paragraph""><strong>Contáctenos&nbsp;en:</strong></p>



<p class=""wp-block-paragraph"">nau64 chess club<br> Clases Individuales, grupales, para niños, adultos, online o presencial en nuestra academia.<br>Email: nau64ajedrez@gmail.com</p>
	</div><!-- .entry-content -->

	</article><!-- #post-19 -->

		</main><!-- #main -->
	</div><!-- #primary -->


<aside id=""secondary"" class=""widget-area"">
	<section id=""text-4"" class=""widget widget_text""><h2 class=""widget-title"">nau64</h2>			<div class=""textwidget""><p>Academia de Ajedrez dirigida por el Maestro y Arbitro FIDE José Riverol.</p>
</div>
		</section><section id=""text-5"" class=""widget widget_text""><h2 class=""widget-title"">Contacto</h2>			<div class=""textwidget""><p><strong>Dirección:<br />
<iframe loading=""lazy"" style=""border: 0;"" src=""https://www.google.com/maps/embed?pb=!1m18!1m12!1m3!1d1635.8755812460824!2d-56.15908782415143!3d-34.912693678572886!2m3!1f0!2f0!3f0!3m2!1i1024!2i768!4f13.1!3m3!1m2!1s0x959f804b78987c35%3A0x772cb0ed08325920!2sAcademia%20de%20Ajedrez%20-%20nau64%20chess%20club!5e0!3m2!1ses-419!2suy!4v1688659982197!5m2!1ses-419!2suy"" allowfullscreen=""""></iframe><br />
</strong></p>
<p>📧 nau64ajedrez@gmail.com</p>
<p>☎️+59892321600</p>
<p>☎️+59899556123</p>
<p><b>🗓️Accede <a href=""https://nau64.com/calendario-semanal-de-clases/"" target=""_blank"" rel=""noopener"">AQUÍ</a> al calendario semanal de clases</b></p>
</div>
		</section><section id=""media_video-2"" class=""widget widget_media_video""><h2 class=""widget-title"">nau64 en YouTube</h2><iframe title=""Ajedrez en vivo"" src=""https://www.youtube.com/embed/videoseries?list=PLCfIOeRDQZ4N2Kb-r0n27bp0bFfEW65EJ"" frameborder=""0"" allow=""accelerometer; autoplay; clipboard-write; encrypted-media; gyroscope; picture-in-picture; web-share"" referrerpolicy=""strict-origin-when-cross-origin"" allowfullscreen></iframe></section>
		<section id=""recent-posts-3"" class=""widget widget_recent_entries"">
		<h2 class=""widget-title"">Entradas recientes</h2>
		<ul>
											<li>
					<a href=""https://nau64.com/la-vuelta-triunfal-de-leonel-recine/"">La vuelta triunfal de Leonel Recine!</a>
											<span class=""post-date"">8 junio, 2026</span>
									</li>
											<li>
					<a href=""https://nau64.com/torneodeviernes/"">22 de mayo comienza el 69 Torneo de los Viernes.</a>
											<span class=""post-date"">10 mayo, 2026</span>
									</li>
											<li>
					<a href=""https://nau64.com/joyita-de-victor-el-terrible/"">Joyita de Victor el terrible!</a>
											<span class=""post-date"">23 abril, 2026</span>
									</li>
											<li>
					<a href=""https://nau64.com/una-pascuas-inolvidable-junto-al-mi-facundo-vazquez/"">Una Pascuas inolvidable junto al MI Facundo Vázquez</a>
											<span class=""post-date"">6 abril, 2026</span>
									</li>
											<li>
					<a href=""https://nau64.com/eduardo-elena-el-campeon-sin-corona-de-pando-hazana-historica-y-clasificacion-olimpica/"">Eduardo Elena, el «campeón sin corona» de Pando: hazaña histórica y clasificación olímpica</a>
											<span class=""post-date"">5 abril, 2026</span>
									</li>
					</ul>

		</section><section id=""categories-4"" class=""widget widget_categories""><h2 class=""widget-title"">Categorías</h2><form action=""https://nau64.com"" method=""get""><label class=""screen-reader-text"" for=""cat"">Categorías</label><select  name='cat' id='cat' class='postform'>
	<option value='-1'>Elegir la categoría</option>
	<option class=""level-0"" value=""34"">Academia</option>
	<option class=""level-0"" value=""10"">Ajedrez y Leyendas</option>
	<option class=""level-0"" value=""17"">Aperturas</option>
	<option class=""level-0"" value=""39"">beneficios</option>
	<option class=""level-0"" value=""24"">Clases</option>
	<option class=""level-0"" value=""55"">Copa America</option>
	<option class=""level-0"" value=""26"">Curiosidades</option>
	<option class=""level-0"" value=""65"">Entrenamiento</option>
	<option class=""level-0"" value=""6"">Entrevista</option>
	<option class=""level-0"" value=""20"">FIDE</option>
	<option class=""level-0"" value=""12"">Finales</option>
	<option class=""level-0"" value=""18"">FUA</option>
	<option class=""level-0"" value=""9"">Historia</option>
	<option class=""level-0"" value=""58"">Historias de Ajedrez</option>
	<option class=""level-0"" value=""35"">HUMOR</option>
	<option class=""level-0"" value=""19"">Internacional</option>
	<option class=""level-0"" value=""14"">Liga de Naciones</option>
	<option class=""level-0"" value=""15"">Liga Mundial</option>
	<option class=""level-0"" value=""13"">Liga Panamericana</option>
	<option class=""level-0"" value=""7"">Match</option>
	<option class=""level-0"" value=""36"">Mundial de Ajedrez</option>
	<option class=""level-0"" value=""33"">Nau64 en ChessCom</option>
	<option class=""level-0"" value=""31"">Novedades</option>
	<option class=""level-0"" value=""25"">Olimpiada</option>
	<option class=""level-0"" value=""1"">Online</option>
	<option class=""level-0"" value=""11"">Partidas</option>
	<option class=""level-0"" value=""56"">Sabatino</option>
	<option class=""level-0"" value=""8"">Tactica</option>
	<option class=""level-0"" value=""5"">Torneos</option>
	<option class=""level-0"" value=""32"">Uruguay</option>
	<option class=""level-0"" value=""28"">Videos</option>
</select>
</form><script>
( ( dropdownId ) => {
	const dropdown = document.getElementById( dropdownId );
	function onSelectChange() {
		setTimeout( () => {
			if ( 'escape' === dropdown.dataset.lastkey ) {
				return;
			}
			if ( dropdown.value && parseInt( dropdown.value ) > 0 && dropdown instanceof HTMLSelectElement ) {
				dropdown.parentElement.submit();
			}
		}, 250 );
	}
	function onKeyUp( event ) {
		if ( 'Escape' === event.key ) {
			dropdown.dataset.lastkey = 'escape';
		} else {
			delete dropdown.dataset.lastkey;
		}
	}
	function onClick() {
		delete dropdown.dataset.lastkey;
	}
	dropdown.addEventListener( 'keyup', onKeyUp );
	dropdown.addEventListener( 'click', onClick );
	dropdown.addEventListener( 'change', onSelectChange );
})( ""cat"" );

//# sourceURL=WP_Widget_Categories%3A%3Awidget
</script>
</section><section id=""calendar-2"" class=""widget widget_calendar""><div id=""calendar_wrap"" class=""calendar_wrap""><table id=""wp-calendar"" class=""wp-calendar-table"">
	<caption>junio 2026</caption>
	<thead>
	<tr>
		<th scope=""col"" aria-label=""lunes"">L</th>
		<th scope=""col"" aria-label=""martes"">M</th>
		<th scope=""col"" aria-label=""miércoles"">X</th>
		<th scope=""col"" aria-label=""jueves"">J</th>
		<th scope=""col"" aria-label=""viernes"">V</th>
		<th scope=""col"" aria-label=""sábado"">S</th>
		<th scope=""col"" aria-label=""domingo"">D</th>
	</tr>
	</thead>
	<tbody>
	<tr><td>1</td><td>2</td><td>3</td><td>4</td><td>5</td><td>6</td><td>7</td>
	</tr>
	<tr>
		<td id=""today""><a href=""https://nau64.com/2026/06/08/"" aria-label=""Entradas publicadas el 8 de June de 2026"">8</a></td><td>9</td><td>10</td><td>11</td><td>12</td><td>13</td><td>14</td>
	</tr>
	<tr>
		<td>15</td><td>16</td><td>17</td><td>18</td><td>19</td><td>20</td><td>21</td>
	</tr>
	<tr>
		<td>22</td><td>23</td><td>24</td><td>25</td><td>26</td><td>27</td><td>28</td>
	</tr>
	<tr>
		<td>29</td><td>30</td>
		<td class=""pad"" colspan=""5"">&nbsp;</td>
	</tr>
	</tbody>
	</table><nav aria-label=""Meses anteriores y posteriores"" class=""wp-calendar-nav"">
		<span class=""wp-calendar-nav-prev""><a href=""https://nau64.com/2026/05/"">&laquo; May</a></span>
		<span class=""pad"">&nbsp;</span>
		<span class=""wp-calendar-nav-next"">&nbsp;</span>
	</nav></div></section><section id=""search-2"" class=""widget widget_search""><form role=""search"" method=""get"" class=""search-form"" action=""https://nau64.com/"">
				<label>
					<span class=""screen-reader-text"">Buscar:</span>
					<input type=""search"" class=""search-field"" placeholder=""Buscar &hellip;"" value="""" name=""s"" />
				</label>
				<input type=""submit"" class=""search-submit"" value=""Buscar"" />
			</form></section></aside><!-- #secondary -->
</div><!-- .wrap .wrap-width -->
		</div><!-- .site-content-cell -->
	</div><!-- #content -->
	
	<footer id=""colophon"" class=""site-footer"" role=""contentinfo"">

			
		<div class=""copyright-area"">
			<div class=""wrap"">
								<div class=""site-info"">
					    <a href=""https://wordpress.org/"">
Proudly powered by WordPress</a>
<span class=""sep""> | </span>
Theme: TimesNews <span class=""sep""> | </span>  By <a href=""https://themefreesia.com/"">Theme Freesia</a>.				</div><!-- .site-info -->
												<div class=""footer-right-info"">
															</div>
									</div><!-- .wrap -->
		</div><!-- .copyright-area -->
	</footer><!-- #colophon -->
			<button href=""#"" class=""back-to-top"" type=""button""><i class=""fa-solid fa-arrow-up""></i>Go Top</button>
	</div><!-- #page -->

<script type=""speculationrules"">
{""prefetch"":[{""source"":""document"",""where"":{""and"":[{""href_matches"":""/*""},{""not"":{""href_matches"":[""/wp-*.php"",""/wp-admin/*"",""/wp-content/uploads/*"",""/wp-content/*"",""/wp-content/plugins/*"",""/wp-content/themes/timesnews/*"",""/*\\?(.+)""]}},{""not"":{""selector_matches"":""a[rel~=\""nofollow\""]""}},{""not"":{""selector_matches"":"".no-prefetch, .no-prefetch a""}}]},""eagerness"":""conservative""}]}
</script>
<script>
var HCaptchaMainObject = {""params"":""{\""sitekey\"":\""4b3c63b4-c7ac-4d20-9c62-b018697c46de\"",\""theme\"":\""light\"",\""size\"":\""normal\"",\""hl\"":\""es\""}""};
</script>
<script id=""timesnews-navigation-js"" src=""https://nau64.com/wp-content/themes/timesnews/assets/js/navigation.min.js?ver=7.0""></script>
<script id=""timesnews-skip-link-focus-fix-js"" src=""https://nau64.com/wp-content/themes/timesnews/assets/js/skip-link-focus-fix.js?ver=7.0""></script>
<script id=""ResizeSensor-js"" src=""https://nau64.com/wp-content/themes/timesnews/assets/library/sticky-sidebar/ResizeSensor.min.js?ver=7.0""></script>
<script id=""theia-sticky-sidebar-js"" src=""https://nau64.com/wp-content/themes/timesnews/assets/library/sticky-sidebar/theia-sticky-sidebar.min.js?ver=7.0""></script>
<script id=""slick-js"" src=""https://nau64.com/wp-content/themes/timesnews/assets/library/slick/slick.min.js?ver=7.0""></script>
<script id=""timesnews-slick-settings-js"" src=""https://nau64.com/wp-content/themes/timesnews/assets/library/slick/slick-settings.js?ver=7.0""></script>
<script id=""jquery-sticky-js"" src=""https://nau64.com/wp-content/themes/timesnews/assets/library/sticky/jquery.sticky.js?ver=7.0""></script>
<script id=""timesnews-sticky-settings-js"" src=""https://nau64.com/wp-content/themes/timesnews/assets/library/sticky/sticky-setting.js?ver=7.0""></script>
<script id=""marquee-js"" src=""https://nau64.com/wp-content/themes/timesnews/assets/library/marquee/jquery.marquee.min.js?ver=7.0""></script>
<script id=""timesnews-marquee-settings-js"" src=""https://nau64.com/wp-content/themes/timesnews/assets/library/marquee/marquee-settings.js?ver=7.0""></script>
<script id=""page-links-to-js"" src=""https://nau64.com/wp-content/plugins/page-links-to/dist/new-tab.js?ver=3.4.1""></script>
<script id=""jetpack-stats-js-before"">
_stq = window._stq || [];
_stq.push([ ""view"", {""v"":""ext"",""blog"":""37579299"",""post"":""19"",""tz"":""-3"",""srv"":""nau64.com"",""j"":""1:15.8""} ]);
_stq.push([ ""clickTrackerInit"", ""37579299"", ""19"" ]);
//# sourceURL=jetpack-stats-js-before
</script>
<script data-wp-strategy=""defer"" defer id=""jetpack-stats-js"" src=""https://stats.wp.com/e-202624.js""></script>
<script id=""wp-emoji-settings"" type=""application/json"">
{""baseUrl"":""https://s.w.org/images/core/emoji/17.0.2/72x72/"",""ext"":"".png"",""svgUrl"":""https://s.w.org/images/core/emoji/17.0.2/svg/"",""svgExt"":"".svg"",""source"":{""concatemoji"":""https://nau64.com/wp-includes/js/wp-emoji-release.min.js?ver=7.0""}}
</script>
<script type=""module"">
/*! This file is auto-generated */
const a=JSON.parse(document.getElementById(""wp-emoji-settings"").textContent),o=(window._wpemojiSettings=a,""wpEmojiSettingsSupports""),s=[""flag"",""emoji""];function i(e){try{var t={supportTests:e,timestamp:(new Date).valueOf()};sessionStorage.setItem(o,JSON.stringify(t))}catch(e){}}function c(e,t,n){e.clearRect(0,0,e.canvas.width,e.canvas.height),e.fillText(t,0,0);t=new Uint32Array(e.getImageData(0,0,e.canvas.width,e.canvas.height).data);e.clearRect(0,0,e.canvas.width,e.canvas.height),e.fillText(n,0,0);const a=new Uint32Array(e.getImageData(0,0,e.canvas.width,e.canvas.height).data);return t.every((e,t)=>e===a[t])}function p(e,t){e.clearRect(0,0,e.canvas.width,e.canvas.height),e.fillText(t,0,0);var n=e.getImageData(16,16,1,1);for(let e=0;e<n.data.length;e++)if(0!==n.data[e])return!1;return!0}function u(e,t,n,a){switch(t){case""flag"":return n(e,""\ud83c\udff3\ufe0f\u200d\u26a7\ufe0f"",""\ud83c\udff3\ufe0f\u200b\u26a7\ufe0f"")?!1:!n(e,""\ud83c\udde8\ud83c\uddf6"",""\ud83c\udde8\u200b\ud83c\uddf6"")&&!n(e,""\ud83c\udff4\udb40\udc67\udb40\udc62\udb40\udc65\udb40\udc6e\udb40\udc67\udb40\udc7f"",""\ud83c\udff4\u200b\udb40\udc67\u200b\udb40\udc62\u200b\udb40\udc65\u200b\udb40\udc6e\u200b\udb40\udc67\u200b\udb40\udc7f"");case""emoji"":return!a(e,""\ud83e\u1fac8"")}return!1}function f(e,t,n,a){let r;const o=(r=""undefined""!=typeof WorkerGlobalScope&&self instanceof WorkerGlobalScope?new OffscreenCanvas(300,150):document.createElement(""canvas"")).getContext(""2d"",{willReadFrequently:!0}),s=(o.textBaseline=""top"",o.font=""600 32px Arial"",{});return e.forEach(e=>{s[e]=t(o,e,n,a)}),s}function r(e){var t=document.createElement(""script"");t.src=e,t.defer=!0,document.head.appendChild(t)}a.supports={everything:!0,everythingExceptFlag:!0},new Promise(t=>{let n=function(){try{var e=JSON.parse(sessionStorage.getItem(o));if(""object""==typeof e&&""number""==typeof e.timestamp&&(new Date).valueOf()<e.timestamp+604800&&""object""==typeof e.supportTests)return e.supportTests}catch(e){}return null}();if(!n){if(""undefined""!=typeof Worker&&""undefined""!=typeof OffscreenCanvas&&""undefined""!=typeof URL&&URL.createObjectURL&&""undefined""!=typeof Blob)try{var e=""postMessage(""+f.toString()+""(""+[JSON.stringify(s),u.toString(),c.toString(),p.toString()].join("","")+""));"",a=new Blob([e],{type:""text/javascript""});const r=new Worker(URL.createObjectURL(a),{name:""wpTestEmojiSupports""});return void(r.onmessage=e=>{i(n=e.data),r.terminate(),t(n)})}catch(e){}i(n=f(s,u,c,p))}t(n)}).then(e=>{for(const n in e)a.supports[n]=e[n],a.supports.everything=a.supports.everything&&a.supports[n],""flag""!==n&&(a.supports.everythingExceptFlag=a.supports.everythingExceptFlag&&a.supports[n]);var t;a.supports.everythingExceptFlag=a.supports.everythingExceptFlag&&!a.supports.flag,a.supports.everything||((t=a.source||{}).concatemoji?r(t.concatemoji):t.wpemoji&&t.twemoji&&(r(t.twemoji),r(t.wpemoji)))});
//# sourceURL=https://nau64.com/wp-includes/js/wp-emoji-loader.min.js
</script>

</body>
</html>


<!-- Page cached by LiteSpeed Cache 7.8.1 on 2026-06-08 22:53:30 -->"
